-- MySQL Script generated by MySQL Workbench
-- Mon Nov  2 12:52:19 2020
-- Model: New Model    Version: 1.0
-- MySQL Workbench Forward Engineering

SET @OLD_UNIQUE_CHECKS=@@UNIQUE_CHECKS, UNIQUE_CHECKS=0;
SET @OLD_FOREIGN_KEY_CHECKS=@@FOREIGN_KEY_CHECKS, FOREIGN_KEY_CHECKS=0;
SET @OLD_SQL_MODE=@@SQL_MODE, SQL_MODE='ONLY_FULL_GROUP_BY,STRICT_TRANS_TABLES,NO_ZERO_IN_DATE,NO_ZERO_DATE,ERROR_FOR_DIVISION_BY_ZERO,NO_ENGINE_SUBSTITUTION';

-- -----------------------------------------------------
-- Schema DispurDB
-- -----------------------------------------------------
-- The database for our Broadband connections, employees, customers and relationships among them
SHOW WARNINGS;
-- -----------------------------------------------------
-- Schema test
-- -----------------------------------------------------
SHOW WARNINGS;

-- -----------------------------------------------------
-- Table `Customer`
-- -----------------------------------------------------
DROP TABLE IF EXISTS `Customer` ;

SHOW WARNINGS;
CREATE TABLE IF NOT EXISTS `Customer` (
  `Cust_ID` VARCHAR(15) NOT NULL,
  `Name` VARCHAR(45) NOT NULL,
  `Contact_No` VARCHAR(15) NULL,
  `email_ID` VARCHAR(25) NOT NULL,
  `Add` VARCHAR(45) NULL,
  `Password` VARCHAR(25) NOT NULL,
  PRIMARY KEY (`Cust_ID`))
ENGINE = InnoDB;

SHOW WARNINGS;

-- -----------------------------------------------------
-- Table `Employee`
-- -----------------------------------------------------
DROP TABLE IF EXISTS `Employee` ;

SHOW WARNINGS;
CREATE TABLE IF NOT EXISTS `Employee` (
  `Emp_ID` VARCHAR(15) NOT NULL,
  `Name` VARCHAR(45) NOT NULL,
  `email_ID` VARCHAR(25) NOT NULL,
  `Password` VARCHAR(25) NOT NULL,
  `Designation` INT NOT NULL,
  PRIMARY KEY (`Emp_ID`))
ENGINE = InnoDB;

SHOW WARNINGS;

-- -----------------------------------------------------
-- Table `Plan`
-- -----------------------------------------------------
DROP TABLE IF EXISTS `Plan` ;

SHOW WARNINGS;
CREATE TABLE IF NOT EXISTS `Plan` (
  `Plan_ID` VARCHAR(15) NOT NULL,
  `Name` VARCHAR(45) NOT NULL,
  `Type` INT NOT NULL,
  `Tarrif` INT NOT NULL,
  `Validity` INT NOT NULL,
  `Rental` VARCHAR(45) NULL,
  `Active` BIT(1) NOT NULL,
  PRIMARY KEY (`Plan_ID`))
ENGINE = InnoDB;

SHOW WARNINGS;

-- -----------------------------------------------------
-- Table `Subscription`
-- -----------------------------------------------------
DROP TABLE IF EXISTS `Subscription` ;

SHOW WARNINGS;
CREATE TABLE IF NOT EXISTS `Subscription` (
  `Sub_ID` INT NOT NULL,
  `Cust_ID` VARCHAR(15) NOT NULL,
  `Plan_ID` VARCHAR(15) NOT NULL,
  `Sub_date` DATE NOT NULL,
  PRIMARY KEY (`Sub_ID`))
ENGINE = InnoDB;

SHOW WARNINGS;

-- -----------------------------------------------------
-- Table `Usage`
-- -----------------------------------------------------
DROP TABLE IF EXISTS `Usage` ;

SHOW WARNINGS;
CREATE TABLE IF NOT EXISTS `Usage` (
  `Use_ID` INT NOT NULL,
  `Sub_ID` INT NOT NULL,
  `Duration` INT NOT NULL,
  `Date` DATE NOT NULL,
  PRIMARY KEY (`Use_ID`))
ENGINE = InnoDB;

SHOW WARNINGS;

-- -----------------------------------------------------
-- Table `Users`
-- -----------------------------------------------------
DROP TABLE IF EXISTS `Users` ;

SHOW WARNINGS;
CREATE TABLE IF NOT EXISTS `Users` (
  `ID` VARCHAR(15) NOT NULL,
  `Active` INT NOT NULL,
  `Staff` INT NOT NULL,
  `email_ID` VARCHAR(15) NOT NULL,
  `Password` VARCHAR(15) NOT NULL,
  PRIMARY KEY (`ID`))
ENGINE = InnoDB;

SHOW WARNINGS;

-- -----------------------------------------------------
-- Data for table `Customer`
-- -----------------------------------------------------
START TRANSACTION;
INSERT INTO `Customer` (`Cust_ID`, `Name`, `Contact_No`, `email_ID`, `Add`, `Password`) VALUES ('C001', 'Aman', '9999999999', 'aman@yahoo.com', 'B-11, Tarun Enclave, Karol Bagh, Delhi', 'Aman123');
INSERT INTO `Customer` (`Cust_ID`, `Name`, `Contact_No`, `email_ID`, `Add`, `Password`) VALUES ('C002', 'Tamana', '8888888888', 'tamana@gmail.com', '23, Hello Appartments, Rohini, Delhi', 'Tamana123');
INSERT INTO `Customer` (`Cust_ID`, `Name`, `Contact_No`, `email_ID`, `Add`, `Password`) VALUES ('C003', 'Dia', '9879879874', 'dia@hotmail.com', 'Room No. 126, IIT Girls Hostel', 'Dia123');
INSERT INTO `Customer` (`Cust_ID`, `Name`, `Contact_No`, `email_ID`, `Add`, `Password`) VALUES ('C004', 'Yug', '9785698541', 'yug@hotmail.com', '23, Friends Colony, Noida', 'Yug123');
INSERT INTO `Customer` (`Cust_ID`, `Name`, `Contact_No`, `email_ID`, `Add`, `Password`) VALUES ('C005', 'Anu', '9856321400', 'anu@gmail.com', 'D-78, S F, Pitampura, Delhi', 'Anu123');
INSERT INTO `Customer` (`Cust_ID`, `Name`, `Contact_No`, `email_ID`, `Add`, `Password`) VALUES ('C006', 'Anuj', '8457469820', 'anuj@yahoo.com', 'A-11, Tricolor Arena, Gandhinagar, Gujarat', 'Anuj123');

COMMIT;


-- -----------------------------------------------------
-- Data for table `Employee`
-- -----------------------------------------------------
START TRANSACTION;
INSERT INTO `Employee` (`Emp_ID`, `Name`, `email_ID`, `Password`, `Designation`) VALUES ('E121', 'Aakash', 'aakash@hotmail.com', 'Aakash123', 0);
INSERT INTO `Employee` (`Emp_ID`, `Name`, `email_ID`, `Password`, `Designation`) VALUES ('E122', 'Anjana', 'anjana@gmail.com', 'Anjana123', 1);
INSERT INTO `Employee` (`Emp_ID`, `Name`, `email_ID`, `Password`, `Designation`) VALUES ('E123', 'Chetan', 'chetan@yahoo.com', 'Chetan123', 0);
INSERT INTO `Employee` (`Emp_ID`, `Name`, `email_ID`, `Password`, `Designation`) VALUES ('E124', 'Divya', 'divya@gmail.com', 'Divya123', 2);

COMMIT;


-- -----------------------------------------------------
-- Data for table `Plan`
-- -----------------------------------------------------
START TRANSACTION;
INSERT INTO `Plan` (`Plan_ID`, `Name`, `Type`, `Tarrif`, `Validity`, `Rental`, `Active`) VALUES ('P1', 'Basic Calling', 1, 2, 28, NULL, 1);
INSERT INTO `Plan` (`Plan_ID`, `Name`, `Type`, `Tarrif`, `Validity`, `Rental`, `Active`) VALUES ('P2', 'Basic Data', 2, 2, 30, NULL, 1);
INSERT INTO `Plan` (`Plan_ID`, `Name`, `Type`, `Tarrif`, `Validity`, `Rental`, `Active`) VALUES ('P3', 'Av Calling', 1, 2.5, 28, NULL, 1);
INSERT INTO `Plan` (`Plan_ID`, `Name`, `Type`, `Tarrif`, `Validity`, `Rental`, `Active`) VALUES ('P4', 'Av Data', 2, 2.5, 30, NULL, 1);
INSERT INTO `Plan` (`Plan_ID`, `Name`, `Type`, `Tarrif`, `Validity`, `Rental`, `Active`) VALUES ('P5', 'The Great Calling', 1, 3, 28, NULL, 1);
INSERT INTO `Plan` (`Plan_ID`, `Name`, `Type`, `Tarrif`, `Validity`, `Rental`, `Active`) VALUES ('P6', 'The Great Data', 2, 3, 30, NULL, 1);

COMMIT;


-- -----------------------------------------------------
-- Data for table `Subscription`
-- -----------------------------------------------------
START TRANSACTION;
INSERT INTO `Subscription` (`Sub_ID`, `Cust_ID`, `Plan_ID`, `Sub_date`) VALUES (1, 'C001', 'P1', '2020-10-11');
INSERT INTO `Subscription` (`Sub_ID`, `Cust_ID`, `Plan_ID`, `Sub_date`) VALUES (2, 'C002', 'P1', '2020-09-11');
INSERT INTO `Subscription` (`Sub_ID`, `Cust_ID`, `Plan_ID`, `Sub_date`) VALUES (3, 'C003', 'P3', '2020-08-27');
INSERT INTO `Subscription` (`Sub_ID`, `Cust_ID`, `Plan_ID`, `Sub_date`) VALUES (4, 'C004', 'P4', '2020-10-11');
INSERT INTO `Subscription` (`Sub_ID`, `Cust_ID`, `Plan_ID`, `Sub_date`) VALUES (5, 'C005', 'P2', '2020-09-22');
INSERT INTO `Subscription` (`Sub_ID`, `Cust_ID`, `Plan_ID`, `Sub_date`) VALUES (6, 'C006', 'P5', '2020-10-01');

COMMIT;


-- -----------------------------------------------------
-- Data for table `Usage`
-- -----------------------------------------------------
START TRANSACTION;
INSERT INTO `Usage` (`Use_ID`, `Sub_ID`, `Duration`, `Date`) VALUES (10, 1, 15, '2020-10-11');
INSERT INTO `Usage` (`Use_ID`, `Sub_ID`, `Duration`, `Date`) VALUES (11, 3, 21, '2020-08-29');
INSERT INTO `Usage` (`Use_ID`, `Sub_ID`, `Duration`, `Date`) VALUES (12, 2, 10, '2020-09-11');
INSERT INTO `Usage` (`Use_ID`, `Sub_ID`, `Duration`, `Date`) VALUES (13, 6, 60, '2020-10-02');
INSERT INTO `Usage` (`Use_ID`, `Sub_ID`, `Duration`, `Date`) VALUES (14, 4, 33, '2020-10-12');
INSERT INTO `Usage` (`Use_ID`, `Sub_ID`, `Duration`, `Date`) VALUES (15, 5, 14, '2020-09-24');
INSERT INTO `Usage` (`Use_ID`, `Sub_ID`, `Duration`, `Date`) VALUES (16, 1, 47, '2020-10-13');
INSERT INTO `Usage` (`Use_ID`, `Sub_ID`, `Duration`, `Date`) VALUES (17, 5, 12, '2020-09-24');

COMMIT;


-- -----------------------------------------------------
-- Data for table `Users`
-- -----------------------------------------------------
START TRANSACTION;
INSERT INTO `Users` (`ID`, `Active`, `Staff`, `email_ID`, `Password`) VALUES ('C001', 1, 0, 'aman@yahoo.com', 'Aman123');
INSERT INTO `Users` (`ID`, `Active`, `Staff`, `email_ID`, `Password`) VALUES ('C002', 1, 0, 'tamana@gmail.com', 'Tamana123');
INSERT INTO `Users` (`ID`, `Active`, `Staff`, `email_ID`, `Password`) VALUES ('C003', 1, 0, 'dia@hotmail.com', 'Dia123');
INSERT INTO `Users` (`ID`, `Active`, `Staff`, `email_ID`, `Password`) VALUES ('C004', 1, 0, 'yug@hotmail.com', 'Yug123');
INSERT INTO `Users` (`ID`, `Active`, `Staff`, `email_ID`, `Password`) VALUES ('C005', 1, 0, 'anu@gmail.com', 'Anu123');
INSERT INTO `Users` (`ID`, `Active`, `Staff`, `email_ID`, `Password`) VALUES ('C006', 1, 0, 'anuj@yahoo.com', 'Anuj123');
INSERT INTO `Users` (`ID`, `Active`, `Staff`, `email_ID`, `Password`) VALUES ('E121', 1, 1, 'aakash@hotmail.com', 'Aakash123');
INSERT INTO `Users` (`ID`, `Active`, `Staff`, `email_ID`, `Password`) VALUES ('E122', 1, 1, 'anjana@gmail.com', 'Anjana123');
INSERT INTO `Users` (`ID`, `Active`, `Staff`, `email_ID`, `Password`) VALUES ('E123', 1, 1, 'chetan@yahoo.com', 'Chetan123');
INSERT INTO `Users` (`ID`, `Active`, `Staff`, `email_ID`, `Password`) VALUES ('E124', 1, 1, 'divya@gmail.com', 'Divya123');

COMMIT;


SET SQL_MODE=@OLD_SQL_MODE;
SET FOREIGN_KEY_CHECKS=@OLD_FOREIGN_KEY_CHECKS;
SET UNIQUE_CHECKS=@OLD_UNIQUE_CHECKS;
